{"connection": "ok", "mbps": 9431921.855968, "unixsecs": 1643240777, "jitter_ms": 11.042884}
{"connection": "ok", "mbps": 9432065.761299, "unixsecs": 1643240778, "jitter_ms": 10.507014}
{"connection": "ok", "mbps": 9431933.098414, "unixsecs": 1643240779, "jitter_ms": 10.317101}
{"connection": "ok", "mbps": 9432175.941785, "unixsecs": 1643240780, "jitter_ms": 9.939292}
{"connection": "ok", "mbps": 9432225.411412, "unixsecs": 1643240781, "jitter_ms": 9.502089}
{"connection": "ok", "mbps": 9432092.744037, "unixsecs": 1643240783, "jitter_ms": 11.52883}
{"connection": "ok", "mbps": 9431818.426724, "unixsecs": 1643240784, "jitter_ms": 10.179943}
{"connection": "ok", "mbps": 9432292.870831, "unixsecs": 1643240785, "jitter_ms": 9.968211}
{"connection": "ok", "mbps": 9432083.749774, "unixsecs": 1643240786, "jitter_ms": 10.899724}
{"connection": "ok", "mbps": 9431838.662702, "unixsecs": 1643240787, "jitter_ms": 9.561099}
{"connection": "ok", "mbps": 9432007.299229, "unixsecs": 1643240788, "jitter_ms": 10.259973}
{"connection": "ok", "mbps": 9432101.738317, "unixsecs": 1643240790, "jitter_ms": 9.891587}
{"connection": "ok", "mbps": 9431640.803533, "unixsecs": 1643240791, "jitter_ms": 10.679784}
{"connection": "ok", "mbps": 9432178.190393, "unixsecs": 1643240792, "jitter_ms": 10.615117}
{"connection": "ok", "mbps": 9431885.880322, "unixsecs": 1643240793, "jitter_ms": 9.8022}
{"connection": "ok", "mbps": 9431791.445556, "unixsecs": 1643240794, "jitter_ms": 10.151141}
{"connection": "ok", "mbps": 9432025.287481, "unixsecs": 1643240796, "jitter_ms": 10.102607}
{"connection": "ok", "mbps": 9432196.179297, "unixsecs": 1643240797, "jitter_ms": 10.03324}
{"connection": "ok", "mbps": 9432470.518584, "unixsecs": 1643240798, "jitter_ms": 10.679652}
{"connection": "ok", "mbps": 9432225.411412, "unixsecs": 1643240799, "jitter_ms": 9.642438}
{"connection": "ok", "mbps": 9432216.416896, "unixsecs": 1643240800, "jitter_ms": 9.975324}
{"connection": "ok", "mbps": 9431818.426724, "unixsecs": 1643240801, "jitter_ms": 9.373941}
{"connection": "ok", "mbps": 9432054.518537, "unixsecs": 1643240803, "jitter_ms": 10.471389}
{"connection": "ok", "mbps": 9432196.179297, "unixsecs": 1643240804, "jitter_ms": 9.700187}
{"connection": "ok", "mbps": 9431670.032206, "unixsecs": 1643240805, "jitter_ms": 9.793248}
{"connection": "ok", "mbps": 9432187.184837, "unixsecs": 1643240806, "jitter_ms": 10.299621}
{"connection": "ok", "mbps": 9432178.190393, "unixsecs": 1643240807, "jitter_ms": 9.897443}
{"connection": "ok", "mbps": 9432245.649137, "unixsecs": 1643240809, "jitter_ms": 9.226533}
{"connection": "ok", "mbps": 9431894.874208, "unixsecs": 1643240810, "jitter_ms": 10.35592}
{"connection": "ok", "mbps": 9432121.975511, "unixsecs": 1643240811, "jitter_ms": 9.842682}
{"connection": "ok", "mbps": 9432027.536017, "unixsecs": 1643240812, "jitter_ms": 8.775188}
{"connection": "ok", "mbps": 9432207.422397, "unixsecs": 1643240813, "jitter_ms": 9.392736}
{"connection": "ok", "mbps": 9431912.862031, "unixsecs": 1643240814, "jitter_ms": 10.156101}
{"connection": "ok", "mbps": 9431856.650311, "unixsecs": 1643240816, "jitter_ms": 10.826799}
{"connection": "ok", "mbps": 9432092.744037, "unixsecs": 1643240817, "jitter_ms": 9.034888}
{"connection": "ok", "mbps": 9432187.184837, "unixsecs": 1643240818, "jitter_ms": 11.457911}
{"connection": "ok", "mbps": 9432101.738317, "unixsecs": 1643240819, "jitter_ms": 9.743383}
{"connection": "ok", "mbps": 9432130.969847, "unixsecs": 1643240820, "jitter_ms": 10.709057}
{"connection": "ok", "mbps": 9431980.316979, "unixsecs": 1643240822, "jitter_ms": 9.604643}
{"connection": "ok", "mbps": 9432119.72693, "unixsecs": 1643240823, "jitter_ms": 9.534983}
{"connection": "ok", "mbps": 9432018.541878, "unixsecs": 1643240824, "jitter_ms": 8.917977}
{"connection": "ok", "mbps": 9432119.72693, "unixsecs": 1643240826, "jitter_ms": 9.719412}
{"connection": "ok", "mbps": 9432261.389649, "unixsecs": 1643240827, "jitter_ms": 10.221685}
{"connection": "ok", "mbps": 9431771.20978, "unixsecs": 1643240828, "jitter_ms": 10.032843}
{"connection": "ok", "mbps": 9432074.755528, "unixsecs": 1643240831, "jitter_ms": 9.120635}
{"connection": "ok", "mbps": 9431038.283562, "unixsecs": 1643240832, "jitter_ms": 8.570075}
{"connection": "ok", "mbps": 9432198.427915, "unixsecs": 1643240833, "jitter_ms": 10.382246}
{"connection": "ok", "mbps": 9432225.411412, "unixsecs": 1643240834, "jitter_ms": 9.988238}
{"connection": "ok", "mbps": 9432178.190393, "unixsecs": 1643240835, "jitter_ms": 9.44794}
{"connection": "ok", "mbps": 9432187.184837, "unixsecs": 1643240837, "jitter_ms": 9.648131}
{"connection": "ok", "mbps": 9432083.749774, "unixsecs": 1643240838, "jitter_ms": 9.906018}
{"connection": "ok", "mbps": 9432169.195967, "unixsecs": 1643240840, "jitter_ms": 9.134311}
{"connection": "ok", "mbps": 9432121.975511, "unixsecs": 1643240841, "jitter_ms": 9.437142}
{"connection": "ok", "mbps": 9432045.524346, "unixsecs": 1643240842, "jitter_ms": 9.717158}
{"connection": "ok", "mbps": 9432157.952959, "unixsecs": 1643240843, "jitter_ms": 9.874714}
{"connection": "ok", "mbps": 9432281.627528, "unixsecs": 1643240845, "jitter_ms": 9.659073}
{"connection": "ok", "mbps": 9431811.681418, "unixsecs": 1643240846, "jitter_ms": 9.980012}
{"connection": "ok", "mbps": 9432157.952959, "unixsecs": 1643240847, "jitter_ms": 9.49467}
{"connection": "ok", "mbps": 9432074.755528, "unixsecs": 1643240848, "jitter_ms": 9.628441}
{"connection": "ok", "mbps": 9432225.411412, "unixsecs": 1643240849, "jitter_ms": 9.374653}
{"connection": "ok", "mbps": 9431809.432984, "unixsecs": 1643240850, "jitter_ms": 9.645432}
{"connection": "ok", "mbps": 9432130.969847, "unixsecs": 1643240852, "jitter_ms": 9.17849}
{"connection": "ok", "mbps": 9431771.20978, "unixsecs": 1643240853, "jitter_ms": 8.990306}
{"connection": "ok", "mbps": 9432110.732615, "unixsecs": 1643240854, "jitter_ms": 9.68491}
{"connection": "ok", "mbps": 9432036.530173, "unixsecs": 1643240855, "jitter_ms": 8.873694}
{"connection": "ok", "mbps": 9432151.207166, "unixsecs": 1643240857, "jitter_ms": 9.932051}
{"connection": "ok", "mbps": 9432083.749774, "unixsecs": 1643240859, "jitter_ms": 10.007995}
{"connection": "ok", "mbps": 9432214.16827, "unixsecs": 1643240860, "jitter_ms": 9.240747}
{"connection": "ok", "mbps": 9431771.20978, "unixsecs": 1643240861, "jitter_ms": 8.836471}
{"connection": "ok", "mbps": 9432169.195967, "unixsecs": 1643240862, "jitter_ms": 9.47944}
{"connection": "ok", "mbps": 9431811.681418, "unixsecs": 1643240863, "jitter_ms": 9.783442}
{"connection": "ok", "mbps": 9431782.451867, "unixsecs": 1643240864, "jitter_ms": 9.634857}
{"connection": "ok", "mbps": 9432148.958571, "unixsecs": 1643240866, "jitter_ms": 9.450303}
{"connection": "ok", "mbps": 9431847.656498, "unixsecs": 1643240867, "jitter_ms": 9.4621}
{"connection": "ok", "mbps": 9432198.427915, "unixsecs": 1643240868, "jitter_ms": 9.332982}
{"connection": "ok", "mbps": 9432065.761299, "unixsecs": 1643240869, "jitter_ms": 9.61473}
{"connection": "ok", "mbps": 9432121.975511, "unixsecs": 1643240870, "jitter_ms": 10.294781}
{"connection": "ok", "mbps": 9432234.405946, "unixsecs": 1643240871, "jitter_ms": 8.772169}
{"connection": "ok", "mbps": 9432216.416896, "unixsecs": 1643240873, "jitter_ms": 9.043474}
{"connection": "ok", "mbps": 9432101.738317, "unixsecs": 1643240874, "jitter_ms": 8.65829}
{"connection": "ok", "mbps": 9431885.880322, "unixsecs": 1643240875, "jitter_ms": 9.154799}
{"connection": "ok", "mbps": 9431971.32293, "unixsecs": 1643240876, "jitter_ms": 8.801371}
{"connection": "ok", "mbps": 9432065.761299, "unixsecs": 1643240877, "jitter_ms": 9.356997}
{"connection": "ok", "mbps": 9432036.530173, "unixsecs": 1643240878, "jitter_ms": 8.614613}
{"connection": "ok", "mbps": 9432121.975511, "unixsecs": 1643240881, "jitter_ms": 9.2831}
{"connection": "ok", "mbps": 9432101.738317, "unixsecs": 1643240882, "jitter_ms": 9.255626}
{"connection": "ok", "mbps": 9431706.006206, "unixsecs": 1643240883,