{"connection": "ok", "mbps": 21.880746603235, "retransmits": 0, "unixsecs": 1644245124, "meanrtt": 115928}
{"connection": "ok", "mbps": 23.070252985546997, "retransmits": 0, "unixsecs": 1644245128, "meanrtt": 123385}
{"connection": "ok", "mbps": 23.313229923735, "retransmits": 0, "unixsecs": 1644245132, "meanrtt": 118579}
{"connection": "ok", "mbps": 23.562125919546997, "retransmits": 0, "unixsecs": 1644245135, "meanrtt": 121709}
{"connection": "ok", "mbps": 23.934944371291, "retransmits": 0, "unixsecs": 1644245139, "meanrtt": 120538}
{"connection": "ok", "mbps": 23.486179922481004, "retransmits": 0, "unixsecs": 1644245143, "meanrtt": 115518}
{"connection": "ok", "mbps": 23.359587073476998, "retransmits": 0, "unixsecs": 1644245146, "meanrtt": 112387}
{"connection": "ok", "mbps": 22.478442488329996, "retransmits": 0, "unixsecs": 1644245150, "meanrtt": 109215}
{"connection": "ok", "mbps": 23.190573112156997, "retransmits": 0, "unixsecs": 1644245154, "meanrtt": 122699}
{"connection": "ok", "mbps": 23.749912000320002, "retransmits": 0, "unixsecs": 1644245157, "meanrtt": 123612}
{"connection": "ok", "mbps": 23.101108913725998, "retransmits": 0, "unixsecs": 1644245161, "meanrtt": 116764}
{"connection": "ok", "mbps": 23.078819306219998, "retransmits": 0, "unixsecs": 1644245165, "meanrtt": 124166}
{"connection": "ok", "mbps": 22.362658457857002, "retransmits": 0, "unixsecs": 1644245168, "meanrtt": 116581}
{"connection": "ok", "mbps": 23.097746195749, "retransmits": 0, "unixsecs": 1644245172, "meanrtt": 122281}
{"connection": "ok", "mbps": 23.092476461534, "retransmits": 0, "unixsecs": 1644245175, "meanrtt": 115187}
{"connection": "ok", "mbps": 23.414732796086, "retransmits": 0, "unixsecs": 1644245179, "meanrtt": 114840}
{"connection": "ok", "mbps": 23.424596729083, "retransmits": 0, "unixsecs": 1644245183, "meanrtt": 124201}
{"connection": "ok", "mbps": 23.41660646726, "retransmits": 0, "unixsecs": 1644245186, "meanrtt": 120996}
{"connection": "ok", "mbps": 22.963062577477, "retransmits": 0, "unixsecs": 1644245190, "meanrtt": 120477}
{"connection": "ok", "mbps": 22.848750387131, "retransmits": 0, "unixsecs": 1644245194, "meanrtt": 106884}
{"connection": "ok", "mbps": 23.577994155643, "retransmits": 0, "unixsecs": 1644245197, "meanrtt": 119100}
{"connection": "ok", "mbps": 22.865040644287, "retransmits": 0, "unixsecs": 1644245201, "meanrtt": 109331}
{"connection": "ok", "mbps": 23.000536890282, "retransmits": 0, "unixsecs": 1644245205, "meanrtt": 117909}
{"connection": "ok", "mbps": 23.552680629637, "retransmits": 0, "unixsecs": 1644245208, "meanrtt": 120106}
{"connection": "ok", "mbps": 23.580080450190003, "retransmits": 0, "unixsecs": 1644245212, "meanrtt": 117360}
{"connection": "ok", "mbps": 23.164001596204997, "retransmits": 0, "unixsecs": 1644245216, "meanrtt": 110189}
{"connection": "ok", "mbps": 23.063385967061002, "retransmits": 0, "unixsecs": 1644245219, "meanrtt": 118130}
{"connection": "ok", "mbps": 23.345569756314998, "retransmits": 0, "unixsecs": 1644245223, "meanrtt": 119553}
{"connection": "ok", "mbps": 23.086084138643997, "retransmits": 0, "unixsecs": 1644245227, "meanrtt": 122586}
{"connection": "ok", "mbps": 23.000213373324, "retransmits": 0, "unixsecs": 1644245230, "meanrtt": 128509}
{"connection": "ok", "mbps": 23.587542861777997, "retransmits": 0, "unixsecs": 1644245234, "meanrtt": 114442}
{"connection": "ok", "mbps": 23.243793200111003, "retransmits": 0, "unixsecs": 1644245238, "meanrtt": 117076}
{"connection": "ok", "mbps": 23.297887413281, "retransmits": 0, "unixsecs": 1644245241, "meanrtt": 116873}
{"connection": "ok", "mbps": 23.560910746599998, "retransmits": 0, "unixsecs": 1644245245, "meanrtt": 118322}
{"connection": "ok", "mbps": 23.565125177071, "retransmits": 0, "unixsecs": 1644245249, "meanrtt": 118668}
{"connection": "ok", "mbps": 23.552749870777, "retransmits": 0, "unixsecs": 1644245252, "meanrtt": 115891}
{"connection": "ok", "mbps": 23.736440091724997, "retransmits": 0, "unixsecs": 1644245256, "meanrtt": 123301}
{"connection": "ok", "mbps": 23.530716289482, "retransmits": 0, "unixsecs": 1644245260, "meanrtt": 120409}
{"connection": "ok", "mbps": 23.414725354098, "retransmits": 0, "unixsecs": 1644245263, "meanrtt": 119906}
{"connection": "ok", "mbps": 23.185058715506, "retransmits": 0, "unixsecs": 1644245267, "meanrtt": 116765}
{"connection": "ok", "mbps": 23.123915487380003, "retransmits": 0, "unixsecs": 1644245271, "meanrtt": 121617}
{"connection": "ok", "mbps": 23.425620403590997, "retransmits": 0, "unixsecs": 1644245274, "meanrtt": 114161}
{"connection": "ok", "mbps": 23.169845001366, "retransmits": 0, "unixsecs": 1644245278, "meanrtt": 121646}
{"connection": "ok", "mbps": 23.190126991348, "retransmits": 0, "unixsecs": 1644245282, "meanrtt": 120982}
{"connection": "ok", "mbps": 22.176969526252, "retransmits": 0, "unixsecs": 1644245285, "meanrtt": 101961}
{"connection": "ok", "mbps": 22.996520076209002, "retransmits": 0, "unixsecs": 1644245289, "meanrtt": 121286}
{"connection": "ok", "mbps": 23.040321065035997, "retransmits": 0, "unixsecs": 1644245293, "meanrtt": 114837}
{"connection": "ok", "mbps": 22.746769363864, "retransmits": 0, "unixsecs": 1644245296, "meanrtt": 115764}
{"connection": "ok", "mbps": 23.205423399146998, "retransmits": 0, "unixsecs": 1644245300, "meanrtt": 124530}
{"connection": "ok", "mbps": 23.36385954863, "retransmits": 0, "unixsecs": 1644245303, "meanrtt": 122650}
{"connection": "ok", "mbps": 23.29443314099, "retransmits": 0, "unixsecs": 1644245307, "meanrtt": 115204}
{"connection": "ok", "mbps": 23.553998152501, "retransmits": 0, "unixsecs": 1644245311, "meanrtt": 119660}
{"connection": "ok", "mbps": 23.77270242686, "retransmits": 0, "unixsecs": 1644245314, "meanrtt": 115370}
{"connection": "ok", "mbps": 23.588022655476998, "retransmits": 0, "unixsecs": 1644245318, "meanrtt": 121163}
{"connection": "ok", "mbps": 23.136713981659, "retransmits": 0, "unixsecs": 1644245322, "meanrtt": 118480}
{"connection": "ok", "mbps": 23.077535715128, "retransmits": 0, "unixsecs": 1644245325, "meanrtt": 119719}
{"connection": "ok", "mbps": 23.240051503373, "retransmits": 0, "unixsecs": 1644245329, "meanrtt": 114460}
{"connection": "ok", "mbps": 22.79218090345, "retransmits": 0, "unixsecs": 1644245332, "meanrtt": 113434}
{"connection": "ok", "mbps": 23.468343425399002, "retransmits": 0, "unixsecs": 1644245336, "meanrtt": 117726}
{"connection": "ok", "mbps": 23.567791032752996, "retransmits": 0, "unixsecs": 1644245340, "meanrtt": 117504}
{"connection": "ok", "mbps": 23.597605592721, "retransmits": 0, "unixsecs": 1644245343, "meanrtt": 121967}
{"connection": "ok", "mbps": 22.861857260773, "retransmits": 0, "unixsecs": 1644245347, "meanrtt": 118792}
{"connection": "ok", "mbps": 23.591749217858002, "retransmits": 0, "unixsecs": 1644245351, "meanrtt": 114541}
{"connection": "ok", "mbps": 22.832835085372, "retransmits": 0, "unixsecs": 1644245354, "meanrtt": 107192}
{"connection": "ok", "mbps": 23.174155366012002, "retransmits": 0, "unixsecs": 1644245358, "meanrtt": 123352}
{"connection": "ok", "mbps": 22.891703078613002, "retransmits": 0, "unixsecs": 1644245361, "meanrtt": 121437}
{"connection": "ok", "mbps": 23.069244611512, "retransmits": 0, "unixsecs": 1644245365, "meanrtt": 118145}
{"connection": "ok", "mbps": 23.519605261284, "retransmits": 0, "unixsecs": 1644245369, "meanrtt": 120971}
{"connection": "ok", "mbps": 23.745892418591, "retransmits": 0, "unixsecs": 1644245372, "meanrtt": 123823}
{"connection": "ok", "mbps": 23.988840442876, "retransmits": 0, "unixsecs": 1644245376, "meanrtt": 117775}
{"connection": "ok", "mbps": 23.726795443236004, "retransmits": 0, "unixsecs": 1644245379, "meanrtt": 121152}
{"connection": "ok", "mbps": 23.378848371235, "retransmits": 0, "unixsecs": 1644245383, "meanrtt": 116794}
{"connection": "ok", "mbps": 23.580432689174, "retransmits": 0, "unixsecs": 1644245387, "meanrtt": 118897}
{"connection": "ok", "mbps": 23.762197224300003, "retransmits": 0, "unixsecs": 1644245390,